,Start-up Procedures,Tax Payments,Time Required,Time to Pay Taxes,Tax Rate,Revenue,Foreign Investment,High-tech Exports
Start-up Procedures,1.0,-0.07802596296089312,-0.10893977003454058,-0.10903308539675034,0.1580940521540277,0.08492303975266985,0.0014870985692108489,0.1382911280568782
Tax Payments,-0.07802596296089312,1.0000000000000002,0.09544467823175785,0.010666932569622773,0.14009677824739955,-0.03640402542632449,0.1453129861237052,-0.04439033870358902
Time Required,-0.10893977003454058,0.09544467823175785,1.0,0.08121806140393581,0.15359909579641287,-0.01714998604437929,-0.024788056741733074,0.1305319180998272
Time to Pay Taxes,-0.10903308539675034,0.010666932569622773,0.08121806140393581,1.0,0.1691519997170389,-0.046201228717166726,0.03267648930205331,0.024310556470077786
Tax Rate,0.1580940521540277,0.14009677824739955,0.15359909579641287,0.1691519997170389,1.0,0.050764063785896575,-0.07430051685921585,0.046477540865559094
Revenue,0.08492303975266985,-0.03640402542632449,-0.01714998604437929,-0.046201228717166726,0.050764063785896575,0.9999999999999998,0.0280300973556667,0.1456100525517473
Foreign Investment,0.0014870985692108489,0.1453129861237052,-0.024788056741733074,0.03267648930205331,-0.07430051685921585,0.0280300973556667,0.9999999999999996,0.10329699676452576
High-tech Exports,0.1382911280568782,-0.04439033870358902,0.1305319180998272,0.024310556470077786,0.046477540865559094,0.1456100525517473,0.10329699676452576,0.9999999999999992
